Jurisdiction,Admin Email
Alcona County,monicalcrane+alcona@gmail.com
Alger County,monicalcrane+alger@gmail.com
Allegan County,monicalcrane+allegan@gmail.com
Alpena County,monicalcrane+alpena@gmail.com
Antrim County,monicalcrane+antrim@gmail.com
Arenac County,monicalcrane+arenac@gmail.com
Baraga County,monicalcrane+baraga@gmail.com
Barry County,monicalcrane+barry@gmail.com
Bay County,monicalcrane+bay@gmail.com
Benzie County,monicalcrane+benzie@gmail.com
Berrien County,monicalcrane+berrien@gmail.com
Branch County,monicalcrane+branch@gmail.com
Calhoun County,monicalcrane+calhoun@gmail.com
Cass County,monicalcrane+cass@gmail.com
Charlevoix County,monicalcrane+charlevoix@gmail.com
Cheboygan County,monicalcrane+cheboygan@gmail.com
Chippewa County,monicalcrane+chippewa@gmail.com
Clare County,monicalcrane+clare@gmail.com
Clinton County,monicalcrane+clinton@gmail.com
Crawford County,monicalcrane+crawford@gmail.com
Delta County,monicalcrane+delta@gmail.com
Dickinson County,monicalcrane+dickinson@gmail.com
Eaton County,monicalcrane+eaton@gmail.com
Emmet County,monicalcrane+emmet@gmail.com
Genesee County,monicalcrane+genesee@gmail.com
Gladwin County,monicalcrane+gladwin@gmail.com
Gogebic County,monicalcrane+gogebic@gmail.com
Grand Traverse County,monicalcrane+grandtraverse@gmail.com
Gratiot County,monicalcrane+gratiot@gmail.com
Hillsdale County,monicalcrane+hillsdale@gmail.com
Houghton County,monicalcrane+houghton@gmail.com
Huron County,monicalcrane+huron@gmail.com
Ingham County,monicalcrane+ingham@gmail.com
Ionia County,monicalcrane+ionia@gmail.com
Iosco County,monicalcrane+iosco@gmail.com
Iron County,monicalcrane+iron@gmail.com
Isabella County,monicalcrane+isabella@gmail.com
Jackson County,monicalcrane+jackson@gmail.com
Kalamazoo County,monicalcrane+kalamazoo@gmail.com
Kalkaska County,monicalcrane+kalkaska@gmail.com
Kent County,monicalcrane+kent@gmail.com
Keweenaw County,monicalcrane+keweenaw@gmail.com
Lake County,monicalcrane+lake@gmail.com
Lapeer County,monicalcrane+lapeer@gmail.com
Leelanau County,monicalcrane+leelanau@gmail.com
Lenawee County,monicalcrane+lenawee@gmail.com
Livingston County,monicalcrane+livingston@gmail.com
Luce County,monicalcrane+luce@gmail.com
Mackinac County,monicalcrane+mackinac@gmail.com
Macomb County,monicalcrane+macomb@gmail.com
Manistee County,monicalcrane+manistee@gmail.com
Marquette County,monicalcrane+marquette@gmail.com
Mason County,monicalcrane+mason@gmail.com
Mecosta County,monicalcrane+mecosta@gmail.com
Menominee County,monicalcrane+menominee@gmail.com
Midland County,monicalcrane+midland@gmail.com
Missaukee County,monicalcrane+missaukee@gmail.com
Monroe County,monicalcrane+monroe@gmail.com
Montcalm County,monicalcrane+montcalm@gmail.com
Montmorency County,monicalcrane+montmorency@gmail.com
Muskegon County,monicalcrane+muskegon@gmail.com
Newaygo County,monicalcrane+newaygo@gmail.com
Oakland County,monicalcrane+oakland@gmail.com
Oceana County,monicalcrane+oceana@gmail.com
Ogemaw County,monicalcrane+ogemaw@gmail.com
Ontonagon County,monicalcrane+ontonagon@gmail.com
Osceola County,monicalcrane+osceola@gmail.com
Oscoda County,monicalcrane+oscoda@gmail.com
Otsego County,monicalcrane+otsego@gmail.com
Ottawa County,monicalcrane+ottawa@gmail.com
Presque Isle County,monicalcrane+presqueisle@gmail.com
Roscommon County,monicalcrane+roscommon@gmail.com
Saginaw County,monicalcrane+saginaw@gmail.com
St. Clair County,monicalcrane+st.clair@gmail.com
St. Joseph County,monicalcrane+st.joseph@gmail.com
Sanilac County,monicalcrane+sanilac@gmail.com
Schoolcraft County,monicalcrane+schoolcraft@gmail.com
Shiawassee County,monicalcrane+shiawassee@gmail.com
Tuscola County,monicalcrane+tuscola@gmail.com
Van Buren County,monicalcrane+vanburen@gmail.com
Washtenaw County,monicalcrane+washtenaw@gmail.com
Wayne County,monicalcrane+wayne@gmail.com
Wexford County,monicalcrane+wexford@gmail.com